backend,category,threads,model_only_ms,model_only_fps,model_only_ms_mean,e2e_ms,e2e_fps,e2e_ms_mean,peak_rss_model_only_mb,peak_rss_e2e_mb
pytorch,bagel,1,"{""p50"": 29.485050006769598, ""p90"": 34.556350007187575, ""p95"": 35.88994501187699, ""p99"": 39.98122300574323}",32.874834590902765,30.41840399941429,"{""p50"": 33.057749998988584, ""p90"": 38.16224999318365, ""p95"": 39.4417149873334, ""p99"": 46.068515011575066}",29.635699020441464,33.7430880003958,368.2304,374.878208
pytorch,cable_gland,1,"{""p50"": 29.476100011379458, ""p90"": 35.14860999712255, ""p95"": 36.35295498243066, ""p99"": 43.26166999846462}",32.58459856274755,30.68934539961629,"{""p50"": 31.35955000470858, ""p90"": 34.0303499950096, ""p95"": 35.99587498756591, ""p99"": 39.303917000361245}",31.56003354078053,31.6856443992001,376.81152,377.810944
pytorch,carrot,1,"{""p50"": 30.862849991535768, ""p90"": 37.936680010170676, ""p95"": 40.68993501423392, ""p99"": 45.09701901610242}",31.018845622884577,32.23846600088291,"{""p50"": 31.924449998768978, ""p90"": 35.02169000857975, ""p95"": 36.93520000524584, ""p99"": 42.264965997310355}",30.903952222719308,32.35832079965621,388.911104,388.911104
pytorch,cookie,1,"{""p50"": 29.391649994067848, ""p90"": 32.370929993339814, ""p95"": 33.50662000011653, ""p99"": 37.67328101181192}",33.656352419663726,29.712072999798693,"{""p50"": 32.03450002183672, ""p90"": 34.46799000957981, ""p95"": 35.69887502380879, ""p99"": 41.04806199087761}",30.985110805504583,32.27356539975153,382.943232,383.053824
pytorch,dowel,1,"{""p50"": 29.13365000858903, ""p90"": 31.905500002903864, ""p95"": 33.64088001981143, ""p99"": 41.994168990058824}",33.66816095033477,29.701651999203023,"{""p50"": 32.317500008502975, ""p90"": 35.39778999402188, ""p95"": 37.6500200087321, ""p99"": 43.37639300792943}",30.502565702048337,32.78412739990745,388.284416,390.135808
pytorch,foam,1,"{""p50"": 29.025049996562302, ""p90"": 31.19438998401165, ""p95"": 31.66098998044617, ""p99"": 34.064169997000135}",34.39317601952759,29.0755352001288,"{""p50"": 31.77670000877697, ""p90"": 33.94191998813767, ""p95"": 35.15081501536769, ""p99"": 40.95842498878481}",31.25091994857107,31.999058000394143,379.281408,379.37152
pytorch,peach,1,"{""p50"": 28.882950005936436, ""p90"": 31.819059993722476, ""p95"": 33.189269981812686, ""p99"": 38.51731297967489}",34.17638126868551,29.25997320015449,"{""p50"": 32.032349990913644, ""p90"": 35.13694000139367, ""p95"": 37.57115499465726, ""p99"": 41.39578300062566}",30.76234473636495,32.50727500033099,388.050944,384.786432
pytorch,potato,1,"{""p50"": 29.299799993168563, ""p90"": 31.930400014971383, ""p95"": 33.05305999092525, ""p99"": 38.57721801847218}",33.72589806567616,29.6508041995694,"{""p50"": 32.041049998952076, ""p90"": 34.84106999821961, ""p95"": 36.804395013314206, ""p99"": 41.25142701581352}",30.875431233055583,32.388211599434726,375.750656,377.044992
pytorch,rope,1,"{""p50"": 29.54390000377316, ""p90"": 32.304839993594214, ""p95"": 34.062435002124396, ""p99"": 40.192367991257925}",33.37860941476207,29.959306799573824,"{""p50"": 31.545549994916655, ""p90"": 33.827010000823066, ""p95"": 35.11496501741931, ""p99"": 40.44906999537488}",31.41321718693956,31.833733999577817,387.915776,388.182016
pytorch,tire,1,"{""p50"": 29.085799993481487, ""p90"": 31.055580015527084, ""p95"": 32.095715012110304, ""p99"": 36.32327899773372}",34.171824241854644,29.26387520087883,"{""p50"": 31.623700007912703, ""p90"": 33.748530005686916, ""p95"": 34.51598498795647, ""p99"": 37.89434598525986}",31.40453090110937,31.84253900015028,376.926208,378.032128
onnx,bagel,1,"{""p50"": 8.29630000225734, ""p90"": 9.849159984150901, ""p95"": 10.322085004008839, ""p99"": 11.444353007245805}",117.26155524422887,8.527944200614002,"{""p50"": 10.873999985051341, ""p90"": 12.638009988586418, ""p95"": 13.23535998672014, ""p99"": 14.7413629933726}",89.79621377304832,11.136327000684105,381.382656,384.196608
onnx,cable_gland,1,"{""p50"": 8.372449985472485, ""p90"": 9.834699978819117, ""p95"": 10.251139999309089, ""p99"": 11.760397994949017}",116.4087193154796,8.590421798988245,"{""p50"": 11.082600001827814, ""p90"": 12.583570004790092, ""p95"": 13.000839992309919, ""p99"": 14.077725000388455}",89.11242721254412,11.221779400249943,387.571712,389.681152
onnx,carrot,1,"{""p50"": 8.17835000634659, ""p90"": 9.544079992338084, ""p95"": 10.051934990042353, ""p99"": 11.501766976143692}",118.33147974580837,8.450836600270122,"{""p50"": 10.744349987362511, ""p90"": 12.18199000286404, ""p95"": 12.587974983034655, ""p99"": 13.756628998089582}",91.65971733495768,10.909917999699246,389.763072,389.763072
onnx,cookie,1,"{""p50"": 8.676049998030066, ""p90"": 9.972909998032264, ""p95"": 10.579839993442873, ""p99"": 11.806622994190548}",115.1293267201718,8.685884200735018,"{""p50"": 11.005250009475276, ""p90"": 12.477110003237614, ""p95"": 12.917305011069402, ""p99"": 14.341504999028984}",89.4759049088184,11.17619319993537,389.718016,391.794688
onnx,dowel,1,"{""p50"": 8.367800008272752, ""p90"": 9.54224998713471, ""p95"": 9.947840016684495, ""p99"": 11.309364005574023}",117.82264784453692,8.487332599412184,"{""p50"": 10.950749987387098, ""p90"": 12.16775000502821, ""p95"": 12.685240016435271, ""p99"": 13.994100020790937}",90.46002595428544,11.05460660054814,391.811072,391.811072
onnx,foam,1,"{""p50"": 8.792149994405918, ""p90"": 12.49281000928022, ""p95"": 13.976470012858044, ""p99"": 17.45709501643431}",105.61466350680789,9.46838219993515,"{""p50"": 11.138149988255464, ""p90"": 12.545069996849634, ""p95"": 13.227155004278755, ""p99"": 14.389630017103627}",88.75233178663277,11.267309600429144,391.82336,392.27392
onnx,peach,1,"{""p50"": 8.17684999492485, ""p90"": 9.5547899894882, ""p95"": 10.102290000941135, ""p99"": 11.074399002245626}",118.5788711208166,8.433205600187648,"{""p50"": 11.044049999327399, ""p90"": 12.324469981831498, ""p95"": 13.071154992212541, ""p99"": 13.892482988885604}",89.6033742522228,11.16029399947729,392.261632,392.261632
onnx,potato,1,"{""p50"": 8.278049994260073, ""p90"": 9.55614999984391, ""p95"": 9.859619992494114, ""p99"": 10.820364006794987}",118.09645614163304,8.46765459922608,"{""p50"": 10.83354999718722, ""p90"": 12.271460011834279, ""p95"": 12.588655012950767, ""p99"": 13.557223998359405}",91.1393686017054,10.972206800885033,392.269824,392.269824
onnx,rope,1,"{""p50"": 8.182599995052442, ""p90"": 9.587950012064539, ""p95"": 9.925904993724544, ""p99"": 11.166100002010351}",118.26648861276348,8.455480599193834,"{""p50"": 10.808100007125176, ""p90"": 12.267979991156608, ""p95"": 12.625500015565192, ""p99"": 13.76439701503841}",91.20488492194907,10.964325001405086,392.368128,392.839168
onnx,tire,1,"{""p50"": 8.243299991590902, ""p90"": 9.811010007979348, ""p95"": 10.261214984348044, ""p99"": 11.375750007282477}",117.7487937867739,8.49265599960927,"{""p50"": 10.96450000477489, ""p90"": 12.376429999130778, ""p95"": 12.844640012190212, ""p99"": 14.747790982073635}",89.60794606571427,11.15972459927434,392.761344,392.761344
openvino_fp32,bagel,1,"{""p50"": 11.451550002675503, ""p90"": 12.451019987929612, ""p95"": 12.784520021523349, ""p99"": 13.983920987229794}",86.8033688946155,11.520290199958254,"{""p50"": 13.951200002338737, ""p90"": 15.292899997439235, ""p95"": 15.859610003826672, ""p99"": 16.966192016552665}",70.93924266861964,14.096569999644998,389.890048,394.5472
openvino_fp32,cable_gland,1,"{""p50"": 11.511049990076572, ""p90"": 12.654519994975999, ""p95"": 13.233535006293096, ""p99"": 14.837931990041396}",85.92907895639893,11.637503999168985,"{""p50"": 14.031050013727508, ""p90"": 15.429180007777177, ""p95"": 16.03435998840723, ""p99"": 17.324527010205202}",70.6949357423693,14.145284800091758,408.182784,411.316224
openvino_fp32,carrot,1,"{""p50"": 11.646950006252155, ""p90"": 12.812660005874932, ""p95"": 13.226594978186766, ""p99"": 14.479223000525963}",84.03229576133319,11.90018660016358,"{""p50"": 13.97900001029484, ""p90"": 15.305849979631603, ""p95"": 15.671689991722813, ""p99"": 16.415255990286823}",70.64829832008428,14.154622599249706,408.383488,410.464256
openvino_fp32,cookie,1,"{""p50"": 11.591000002226792, ""p90"": 12.824740007636137, ""p95"": 13.24394999537617, ""p99"": 14.506806977151424}",84.98702213261492,11.766502401267644,"{""p50"": 14.088950003497303, ""p90"": 15.537880006013438, ""p95"": 15.932349998911375, ""p99"": 16.900631020544097}",70.03986893375419,14.277582400187384,411.68896,414.80192
openvino_fp32,dowel,1,"{""p50"": 11.557949997950345, ""p90"": 12.735779993818142, ""p95"": 13.067930015677119, ""p99"": 14.64569401810877}",85.48400694036134,11.698094600287732,"{""p50"": 14.938499996787868, ""p90"": 18.055939979967665, ""p95"": 19.516514996939794, ""p99"": 32.23968000907916}",63.12847792922694,15.84071140002925,414.59712,417.378304
openvino_fp32,foam,1,"{""p50"": 11.763700007577427, ""p90"": 13.49414000287652, ""p95"": 14.012574999651406, ""p99"": 15.211544977501033}",83.38764231553733,11.99218459991971,"{""p50"": 14.224500002455898, ""p90"": 16.497890010941774, ""p95"": 18.034230000921525, ""p99"": 29.321821008052204}",67.33835327472791,14.850377999595366,415.346688,417.415168
openvino_fp32,peach,1,"{""p50"": 11.611649999395013, ""p90"": 12.844450023840182, ""p95"": 13.686405002954414, ""p99"": 18.189255995093845}",84.28840667802724,11.86402779945638,"{""p50"": 13.918750002630986, ""p90"": 15.130419979686849, ""p95"": 15.598560000944417, ""p99"": 16.36272999807261}",71.41360823288258,14.002933400857728,418.893824,421.220352
openvino_fp32,potato,1,"{""p50"": 11.388450002414174, ""p90"": 12.499049992766231, ""p95"": 13.009879989840556, ""p99"": 13.863822018320205}",86.59534985898576,11.547964199329726,"{""p50"": 13.925949999247678, ""p90"": 15.07343998819124, ""p95"": 15.521554989391005, ""p99"": 17.325332993641496}",71.1514548132134,14.054526399006136,417.939456,420.016128
openvino_fp32,rope,1,"{""p50"": 11.339200005750172, ""p90"": 12.48620999394916, ""p95"": 12.848170008510351, ""p99"": 14.465117990621362}",86.19414427750787,11.60171619988978,"{""p50"": 13.87234999856446, ""p90"": 15.126330009661615, ""p95"": 15.554725006222723, ""p99"": 16.190789000247605}",71.58300255396396,13.96979679982178,417.112064,418.660352
openvino_fp32,tire,1,"{""p50"": 11.37649999873247, ""p90"": 12.440259993309155, ""p95"": 12.837185003445482, ""p99"": 14.054397005529605}",86.96227334804964,11.499239400029182,"{""p50"": 13.78570000815671, ""p90"": 15.063789996202104, ""p95"": 15.499355002248194, ""p99"": 16.685136997548398}",71.62974766344387,13.960680200892966,415.207424,416.997376
openvino_int8,bagel,1,"{""p50"": 12.430699993274175, ""p90"": 13.724299988825805, ""p95"": 14.191670021682512, ""p99"": 15.70589800045127}",79.2203224592333,12.623023599968292,"{""p50"": 14.229600012185983, ""p90"": 15.326369993272237, ""p95"": 15.744784993876236, ""p99"": 16.819514999224335}",69.88266113842457,14.309701200691052,399.872,402.100224
openvino_int8,cable_gland,1,"{""p50"": 12.279149988899007, ""p90"": 13.570159999653697, ""p95"": 13.895435006998014, ""p99"": 14.54728300508577}",80.29570531137811,12.453966200584546,"{""p50"": 14.198750010109507, ""p90"": 15.544319993932731, ""p95"": 15.911415019945707, ""p99"": 17.28374201571569}",69.54498234609008,14.37918259901926,424.28416,427.54048
openvino_int8,carrot,1,"{""p50"": 12.25065000471659, ""p90"": 13.276970005244948, ""p95"": 13.604199998371767, ""p99"": 15.146860979439223}",80.75462157766161,12.383192199573386,"{""p50"": 13.957000002847053, ""p90"": 15.112700019381009, ""p95"": 15.510809999250341, ""p99"": 16.505502002255525}",71.0323630501086,14.078090000955854,428.244992,430.809088
openvino_int8,cookie,1,"{""p50"": 12.200749988551252, ""p90"": 13.279030009289272, ""p95"": 13.650945007975679, ""p99"": 14.750192991341462}",81.09119424878459,12.331795200007036,"{""p50"": 14.57379998464603, ""p90"": 15.701589995296672, ""p95"": 16.111274994909763, ""p99"": 18.204021998390086}",67.65756310664314,14.780313598108478,448.360448,450.244608
openvino_int8,dowel,1,"{""p50"": 12.203099991893396, ""p90"": 13.366179997683503, ""p95"": 13.704290002351625, ""p99"": 14.257480994274372}",80.85230359011616,12.368231399683282,"{""p50"": 13.830550000420772, ""p90"": 15.14278999529779, ""p95"": 15.432939992751926, ""p99"": 16.371411001309752}",71.33469598353405,14.018423800822347,458.006528,459.046912
openvino_int8,foam,1,"{""p50"": 12.242000011610799, ""p90"": 13.492409995524213, ""p95"": 13.853510000626555, ""p99"": 14.285316978639457}",80.6248763294293,12.403119800321292,"{""p50"": 14.75600000412669, ""p90"": 16.033949999837205, ""p95"": 16.469474985206034, ""p99"": 17.23615802096901}",67.09194191028179,14.90491960028885,462.249984,464.310272
openvino_int8,peach,1,"{""p50"": 12.134799981140532, ""p90"": 13.164990008226596, ""p95"": 13.485355000011623, ""p99"": 14.632110016245859}",81.49121890388304,12.271260799025185,"{""p50"": 14.190549991326407, ""p90"": 15.32268999144435, ""p95"": 15.65788000152679, ""p99"": 16.889792992442377}",70.01882932427286,14.28187259985134,468.066304,470.413312
openvino_int8,potato,1,"{""p50"": 12.169449997600168, ""p90"": 13.193420018069446, ""p95"": 13.658994984871242, ""p99"": 14.667523005919064}",81.33937713452228,12.294168399472255,"{""p50"": 14.364800008479506, ""p90"": 15.488339978037402, ""p95"": 16.012810003303457, ""p99"": 16.93670601060148}",69.02408679427927,14.487696200609207,470.380544,472.989696
openvino_int8,rope,1,"{""p50"": 12.33729999512434, ""p90"": 13.547060018754564, ""p95"": 13.880914991023019, ""p99"": 14.291006997227669}",80.14384344949544,12.477564800472464,"{""p50"": 14.722749998327345, ""p90"": 15.86870999308303, ""p95"": 16.40444999502506, ""p99"": 17.271371021342922}",67.10010561691296,14.903106199402828,476.909568,478.724096
openvino_int8,tire,1,"{""p50"": 12.227899991557933, ""p90"": 13.403149991063401, ""p95"": 13.727950012253132, ""p99"": 14.418641981028486}",80.74950007036993,12.383977598976344,"{""p50"": 14.204450009856373, ""p90"": 15.518589995917864, ""p95"": 15.818170002603436, ""p99"": 16.86867600074038}",69.58777980794052,14.370339199784212,479.301632,481.11616
