sample_id,category,label,class
bagel/test/combined/000,bagel,1,C_both_correct
bagel/test/combined/001,bagel,1,B_depth_only+E_fixes_rgb
bagel/test/combined/002,bagel,1,A_rgb_only+F_fixes_depth
bagel/test/combined/003,bagel,1,C_both_correct
bagel/test/combined/004,bagel,1,B_depth_only+E_fixes_rgb
bagel/test/combined/005,bagel,1,A_rgb_only+G_breaks
bagel/test/combined/006,bagel,1,A_rgb_only+F_fixes_depth
bagel/test/combined/007,bagel,1,D_both_wrong
bagel/test/combined/008,bagel,1,D_both_wrong
bagel/test/combined/009,bagel,1,D_both_wrong
bagel/test/combined/010,bagel,1,C_both_correct
bagel/test/combined/011,bagel,1,B_depth_only+E_fixes_rgb
bagel/test/combined/012,bagel,1,C_both_correct
bagel/test/combined/013,bagel,1,D_both_wrong+E_fixes_rgb+F_fixes_depth
bagel/test/combined/014,bagel,1,C_both_correct
bagel/test/combined/015,bagel,1,A_rgb_only+G_breaks
bagel/test/combined/016,bagel,1,A_rgb_only+F_fixes_depth
bagel/test/combined/017,bagel,1,D_both_wrong+E_fixes_rgb+F_fixes_depth
bagel/test/combined/018,bagel,1,A_rgb_only+F_fixes_depth
bagel/test/combined/019,bagel,1,B_depth_only+E_fixes_rgb
bagel/test/combined/020,bagel,1,C_both_correct
bagel/test/combined/021,bagel,1,A_rgb_only+G_breaks
bagel/test/combined/022,bagel,1,D_both_wrong
bagel/test/contamination/000,bagel,1,A_rgb_only+F_fixes_depth
bagel/test/contamination/001,bagel,1,C_both_correct
bagel/test/contamination/002,bagel,1,A_rgb_only+F_fixes_depth
bagel/test/contamination/003,bagel,1,C_both_correct
bagel/test/contamination/004,bagel,1,D_both_wrong
bagel/test/contamination/005,bagel,1,D_both_wrong+E_fixes_rgb+F_fixes_depth
bagel/test/contamination/006,bagel,1,A_rgb_only+F_fixes_depth
bagel/test/contamination/007,bagel,1,D_both_wrong
bagel/test/contamination/008,bagel,1,D_both_wrong
bagel/test/contamination/009,bagel,1,D_both_wrong
bagel/test/contamination/010,bagel,1,D_both_wrong
bagel/test/contamination/011,bagel,1,D_both_wrong+E_fixes_rgb+F_fixes_depth
bagel/test/contamination/012,bagel,1,A_rgb_only+F_fixes_depth
bagel/test/contamination/013,bagel,1,D_both_wrong
bagel/test/contamination/014,bagel,1,A_rgb_only+G_breaks
bagel/test/contamination/015,bagel,1,D_both_wrong
bagel/test/contamination/016,bagel,1,D_both_wrong
bagel/test/contamination/017,bagel,1,D_both_wrong+E_fixes_rgb+F_fixes_depth
bagel/test/contamination/018,bagel,1,D_both_wrong+E_fixes_rgb+F_fixes_depth
bagel/test/contamination/019,bagel,1,A_rgb_only+G_breaks
bagel/test/contamination/020,bagel,1,B_depth_only+G_breaks
bagel/test/contamination/021,bagel,1,D_both_wrong+E_fixes_rgb+F_fixes_depth
bagel/test/crack/000,bagel,1,A_rgb_only+F_fixes_depth
bagel/test/crack/001,bagel,1,C_both_correct
bagel/test/crack/002,bagel,1,C_both_correct+G_breaks
bagel/test/crack/003,bagel,1,D_both_wrong
bagel/test/crack/004,bagel,1,D_both_wrong
bagel/test/crack/005,bagel,1,A_rgb_only+G_breaks
bagel/test/crack/006,bagel,1,D_both_wrong+E_fixes_rgb+F_fixes_depth
bagel/test/crack/007,bagel,1,B_depth_only+E_fixes_rgb
bagel/test/crack/008,bagel,1,C_both_correct
bagel/test/crack/009,bagel,1,A_rgb_only+F_fixes_depth
bagel/test/crack/010,bagel,1,C_both_correct
bagel/test/crack/011,bagel,1,A_rgb_only+F_fixes_depth
bagel/test/crack/012,bagel,1,D_both_wrong
bagel/test/crack/013,bagel,1,A_rgb_only+F_fixes_depth
bagel/test/crack/014,bagel,1,D_both_wrong+E_fixes_rgb+F_fixes_depth
bagel/test/crack/015,bagel,1,A_rgb_only+F_fixes_depth
bagel/test/crack/016,bagel,1,D_both_wrong
bagel/test/crack/017,bagel,1,A_rgb_only+F_fixes_depth
bagel/test/crack/018,bagel,1,C_both_correct
bagel/test/crack/019,bagel,1,B_depth_only+E_fixes_rgb
bagel/test/crack/020,bagel,1,A_rgb_only+G_breaks
bagel/test/crack/021,bagel,1,A_rgb_only+F_fixes_depth
bagel/test/good/000,bagel,0,C_both_correct
bagel/test/good/001,bagel,0,D_both_wrong+E_fixes_rgb+F_fixes_depth
bagel/test/good/002,bagel,0,B_depth_only+E_fixes_rgb
bagel/test/good/003,bagel,0,A_rgb_only+F_fixes_depth
bagel/test/good/004,bagel,0,C_both_correct
bagel/test/good/005,bagel,0,C_both_correct
bagel/test/good/006,bagel,0,C_both_correct
bagel/test/good/007,bagel,0,C_both_correct
bagel/test/good/008,bagel,0,A_rgb_only+F_fixes_depth
bagel/test/good/009,bagel,0,C_both_correct
bagel/test/good/010,bagel,0,B_depth_only+E_fixes_rgb
bagel/test/good/011,bagel,0,C_both_correct
bagel/test/good/012,bagel,0,C_both_correct
bagel/test/good/013,bagel,0,C_both_correct
bagel/test/good/014,bagel,0,C_both_correct
bagel/test/good/015,bagel,0,C_both_correct
bagel/test/good/016,bagel,0,C_both_correct
bagel/test/good/017,bagel,0,B_depth_only+E_fixes_rgb
bagel/test/good/018,bagel,0,C_both_correct
bagel/test/good/019,bagel,0,C_both_correct
bagel/test/good/020,bagel,0,C_both_correct
bagel/test/good/021,bagel,0,B_depth_only+G_breaks
bagel/test/hole/000,bagel,1,D_both_wrong+E_fixes_rgb+F_fixes_depth
bagel/test/hole/001,bagel,1,A_rgb_only+F_fixes_depth
bagel/test/hole/002,bagel,1,D_both_wrong
bagel/test/hole/003,bagel,1,D_both_wrong
bagel/test/hole/004,bagel,1,A_rgb_only+F_fixes_depth
bagel/test/hole/005,bagel,1,B_depth_only+G_breaks
bagel/test/hole/006,bagel,1,A_rgb_only+G_breaks
bagel/test/hole/007,bagel,1,B_depth_only+E_fixes_rgb
bagel/test/hole/008,bagel,1,C_both_correct
bagel/test/hole/009,bagel,1,D_both_wrong
bagel/test/hole/010,bagel,1,D_both_wrong
bagel/test/hole/011,bagel,1,A_rgb_only+F_fixes_depth
bagel/test/hole/012,bagel,1,A_rgb_only+F_fixes_depth
bagel/test/hole/013,bagel,1,C_both_correct+G_breaks
bagel/test/hole/014,bagel,1,D_both_wrong+E_fixes_rgb+F_fixes_depth
bagel/test/hole/015,bagel,1,D_both_wrong+E_fixes_rgb+F_fixes_depth
bagel/test/hole/016,bagel,1,D_both_wrong
bagel/test/hole/017,bagel,1,D_both_wrong
bagel/test/hole/018,bagel,1,D_both_wrong
bagel/test/hole/019,bagel,1,A_rgb_only+F_fixes_depth
bagel/test/hole/020,bagel,1,D_both_wrong
cable_gland/test/bent/000,cable_gland,1,D_both_wrong+E_fixes_rgb+F_fixes_depth
cable_gland/test/bent/001,cable_gland,1,D_both_wrong
cable_gland/test/bent/002,cable_gland,1,D_both_wrong+E_fixes_rgb+F_fixes_depth
cable_gland/test/bent/003,cable_gland,1,D_both_wrong
cable_gland/test/bent/004,cable_gland,1,D_both_wrong+E_fixes_rgb+F_fixes_depth
cable_gland/test/bent/005,cable_gland,1,D_both_wrong
cable_gland/test/bent/006,cable_gland,1,B_depth_only+E_fixes_rgb
cable_gland/test/bent/007,cable_gland,1,B_depth_only+E_fixes_rgb
cable_gland/test/bent/008,cable_gland,1,D_both_wrong+E_fixes_rgb+F_fixes_depth
cable_gland/test/bent/009,cable_gland,1,D_both_wrong
cable_gland/test/bent/010,cable_gland,1,D_both_wrong+E_fixes_rgb+F_fixes_depth
cable_gland/test/bent/011,cable_gland,1,D_both_wrong
cable_gland/test/bent/012,cable_gland,1,D_both_wrong
cable_gland/test/bent/013,cable_gland,1,B_depth_only+E_fixes_rgb
cable_gland/test/bent/014,cable_gland,1,D_both_wrong+E_fixes_rgb+F_fixes_depth
cable_gland/test/bent/015,cable_gland,1,A_rgb_only+F_fixes_depth
cable_gland/test/bent/016,cable_gland,1,B_depth_only+E_fixes_rgb
cable_gland/test/bent/017,cable_gland,1,A_rgb_only+F_fixes_depth
cable_gland/test/bent/018,cable_gland,1,D_both_wrong+E_fixes_rgb+F_fixes_depth
cable_gland/test/bent/019,cable_gland,1,D_both_wrong+E_fixes_rgb+F_fixes_depth
cable_gland/test/bent/020,cable_gland,1,D_both_wrong+E_fixes_rgb+F_fixes_depth
cable_gland/test/cut/000,cable_gland,1,D_both_wrong
cable_gland/test/cut/001,cable_gland,1,D_both_wrong+E_fixes_rgb+F_fixes_depth
cable_gland/test/cut/002,cable_gland,1,D_both_wrong+E_fixes_rgb+F_fixes_depth
cable_gland/test/cut/003,cable_gland,1,A_rgb_only+F_fixes_depth
cable_gland/test/cut/004,cable_gland,1,A_rgb_only+F_fixes_depth
cable_gland/test/cut/005,cable_gland,1,D_both_wrong+E_fixes_rgb+F_fixes_depth
cable_gland/test/cut/006,cable_gland,1,A_rgb_only+F_fixes_depth
cable_gland/test/cut/007,cable_gland,1,D_both_wrong+E_fixes_rgb+F_fixes_depth
cable_gland/test/cut/008,cable_gland,1,D_both_wrong+E_fixes_rgb+F_fixes_depth
cable_gland/test/cut/009,cable_gland,1,A_rgb_only+F_fixes_depth
cable_gland/test/cut/010,cable_gland,1,D_both_wrong+E_fixes_rgb+F_fixes_depth
cable_gland/test/cut/011,cable_gland,1,D_both_wrong+E_fixes_rgb+F_fixes_depth
cable_gland/test/cut/012,cable_gland,1,D_both_wrong+E_fixes_rgb+F_fixes_depth
cable_gland/test/cut/013,cable_gland,1,D_both_wrong+E_fixes_rgb+F_fixes_depth
cable_gland/test/cut/014,cable_gland,1,A_rgb_only+F_fixes_depth
cable_gland/test/cut/015,cable_gland,1,B_depth_only+E_fixes_rgb
cable_gland/test/cut/016,cable_gland,1,D_both_wrong+E_fixes_rgb+F_fixes_depth
cable_gland/test/cut/017,cable_gland,1,D_both_wrong+E_fixes_rgb+F_fixes_depth
cable_gland/test/cut/018,cable_gland,1,D_both_wrong+E_fixes_rgb+F_fixes_depth
cable_gland/test/cut/019,cable_gland,1,D_both_wrong+E_fixes_rgb+F_fixes_depth
cable_gland/test/cut/020,cable_gland,1,D_both_wrong+E_fixes_rgb+F_fixes_depth
cable_gland/test/cut/021,cable_gland,1,D_both_wrong+E_fixes_rgb+F_fixes_depth
cable_gland/test/good/000,cable_gland,0,C_both_correct
cable_gland/test/good/001,cable_gland,0,C_both_correct
cable_gland/test/good/002,cable_gland,0,A_rgb_only+F_fixes_depth
cable_gland/test/good/003,cable_gland,0,C_both_correct
cable_gland/test/good/004,cable_gland,0,A_rgb_only+F_fixes_depth
cable_gland/test/good/005,cable_gland,0,C_both_correct+G_breaks
cable_gland/test/good/006,cable_gland,0,C_both_correct+G_breaks
cable_gland/test/good/007,cable_gland,0,A_rgb_only+G_breaks
cable_gland/test/good/008,cable_gland,0,C_both_correct
cable_gland/test/good/009,cable_gland,0,D_both_wrong
cable_gland/test/good/010,cable_gland,0,C_both_correct
cable_gland/test/good/011,cable_gland,0,A_rgb_only+G_breaks
cable_gland/test/good/012,cable_gland,0,A_rgb_only+G_breaks
cable_gland/test/good/013,cable_gland,0,C_both_correct
cable_gland/test/good/014,cable_gland,0,C_both_correct+G_breaks
cable_gland/test/good/015,cable_gland,0,C_both_correct
cable_gland/test/good/016,cable_gland,0,A_rgb_only+G_breaks
cable_gland/test/good/017,cable_gland,0,C_both_correct
cable_gland/test/good/018,cable_gland,0,C_both_correct
cable_gland/test/good/019,cable_gland,0,C_both_correct+G_breaks
cable_gland/test/good/020,cable_gland,0,C_both_correct+G_breaks
cable_gland/test/hole/000,cable_gland,1,D_both_wrong+E_fixes_rgb+F_fixes_depth
cable_gland/test/hole/001,cable_gland,1,D_both_wrong
cable_gland/test/hole/002,cable_gland,1,A_rgb_only+F_fixes_depth
cable_gland/test/hole/003,cable_gland,1,D_both_wrong+E_fixes_rgb+F_fixes_depth
cable_gland/test/hole/004,cable_gland,1,D_both_wrong
cable_gland/test/hole/005,cable_gland,1,D_both_wrong
cable_gland/test/hole/006,cable_gland,1,A_rgb_only+F_fixes_depth
cable_gland/test/hole/007,cable_gland,1,D_both_wrong
cable_gland/test/hole/008,cable_gland,1,A_rgb_only+F_fixes_depth
cable_gland/test/hole/009,cable_gland,1,B_depth_only+E_fixes_rgb
cable_gland/test/hole/010,cable_gland,1,D_both_wrong+E_fixes_rgb+F_fixes_depth
cable_gland/test/hole/011,cable_gland,1,A_rgb_only+F_fixes_depth
cable_gland/test/hole/012,cable_gland,1,D_both_wrong+E_fixes_rgb+F_fixes_depth
cable_gland/test/hole/013,cable_gland,1,D_both_wrong+E_fixes_rgb+F_fixes_depth
cable_gland/test/hole/014,cable_gland,1,D_both_wrong+E_fixes_rgb+F_fixes_depth
cable_gland/test/hole/015,cable_gland,1,D_both_wrong+E_fixes_rgb+F_fixes_depth
cable_gland/test/hole/016,cable_gland,1,B_depth_only+E_fixes_rgb
cable_gland/test/hole/017,cable_gland,1,A_rgb_only+F_fixes_depth
cable_gland/test/hole/018,cable_gland,1,D_both_wrong+E_fixes_rgb+F_fixes_depth
cable_gland/test/hole/019,cable_gland,1,A_rgb_only+F_fixes_depth
cable_gland/test/hole/020,cable_gland,1,D_both_wrong+E_fixes_rgb+F_fixes_depth
cable_gland/test/hole/021,cable_gland,1,D_both_wrong+E_fixes_rgb+F_fixes_depth
cable_gland/test/thread/000,cable_gland,1,A_rgb_only+F_fixes_depth
cable_gland/test/thread/001,cable_gland,1,D_both_wrong+E_fixes_rgb+F_fixes_depth
cable_gland/test/thread/002,cable_gland,1,D_both_wrong+E_fixes_rgb+F_fixes_depth
cable_gland/test/thread/003,cable_gland,1,D_both_wrong
cable_gland/test/thread/004,cable_gland,1,D_both_wrong
cable_gland/test/thread/005,cable_gland,1,D_both_wrong+E_fixes_rgb+F_fixes_depth
cable_gland/test/thread/006,cable_gland,1,D_both_wrong+E_fixes_rgb+F_fixes_depth
cable_gland/test/thread/007,cable_gland,1,D_both_wrong+E_fixes_rgb+F_fixes_depth
cable_gland/test/thread/008,cable_gland,1,A_rgb_only+F_fixes_depth
cable_gland/test/thread/009,cable_gland,1,A_rgb_only+F_fixes_depth
cable_gland/test/thread/010,cable_gland,1,C_both_correct
cable_gland/test/thread/011,cable_gland,1,A_rgb_only+F_fixes_depth
cable_gland/test/thread/012,cable_gland,1,A_rgb_only+F_fixes_depth
cable_gland/test/thread/013,cable_gland,1,D_both_wrong+E_fixes_rgb+F_fixes_depth
cable_gland/test/thread/014,cable_gland,1,D_both_wrong+E_fixes_rgb+F_fixes_depth
cable_gland/test/thread/015,cable_gland,1,D_both_wrong+E_fixes_rgb+F_fixes_depth
cable_gland/test/thread/016,cable_gland,1,D_both_wrong+E_fixes_rgb+F_fixes_depth
cable_gland/test/thread/017,cable_gland,1,D_both_wrong+E_fixes_rgb+F_fixes_depth
cable_gland/test/thread/018,cable_gland,1,D_both_wrong+E_fixes_rgb+F_fixes_depth
cable_gland/test/thread/019,cable_gland,1,A_rgb_only+F_fixes_depth
cable_gland/test/thread/020,cable_gland,1,D_both_wrong+E_fixes_rgb+F_fixes_depth
cable_gland/test/thread/021,cable_gland,1,D_both_wrong+E_fixes_rgb+F_fixes_depth
carrot/test/combined/000,carrot,1,A_rgb_only+F_fixes_depth
carrot/test/combined/001,carrot,1,A_rgb_only+F_fixes_depth
carrot/test/combined/002,carrot,1,A_rgb_only+F_fixes_depth
carrot/test/combined/003,carrot,1,A_rgb_only+G_breaks
carrot/test/combined/004,carrot,1,A_rgb_only+F_fixes_depth
carrot/test/combined/005,carrot,1,A_rgb_only+F_fixes_depth
carrot/test/combined/006,carrot,1,D_both_wrong
carrot/test/combined/007,carrot,1,D_both_wrong
carrot/test/combined/008,carrot,1,D_both_wrong
carrot/test/combined/009,carrot,1,A_rgb_only+G_breaks
carrot/test/combined/010,carrot,1,D_both_wrong
carrot/test/combined/011,carrot,1,A_rgb_only+G_breaks
carrot/test/combined/012,carrot,1,D_both_wrong
carrot/test/combined/013,carrot,1,A_rgb_only+F_fixes_depth
carrot/test/combined/014,carrot,1,A_rgb_only+F_fixes_depth
carrot/test/combined/015,carrot,1,D_both_wrong
carrot/test/combined/016,carrot,1,A_rgb_only+F_fixes_depth
carrot/test/combined/017,carrot,1,D_both_wrong
carrot/test/combined/018,carrot,1,D_both_wrong
carrot/test/combined/019,carrot,1,A_rgb_only+G_breaks
carrot/test/combined/020,carrot,1,A_rgb_only+F_fixes_depth
carrot/test/combined/021,carrot,1,D_both_wrong
carrot/test/combined/022,carrot,1,D_both_wrong
carrot/test/combined/023,carrot,1,D_both_wrong
carrot/test/combined/024,carrot,1,D_both_wrong
carrot/test/combined/025,carrot,1,D_both_wrong
carrot/test/combined/026,carrot,1,A_rgb_only+F_fixes_depth
carrot/test/contamination/000,carrot,1,D_both_wrong
carrot/test/contamination/001,carrot,1,D_both_wrong
carrot/test/contamination/002,carrot,1,D_both_wrong
carrot/test/contamination/003,carrot,1,D_both_wrong
carrot/test/contamination/004,carrot,1,A_rgb_only+G_breaks
carrot/test/contamination/005,carrot,1,A_rgb_only+G_breaks
carrot/test/contamination/006,carrot,1,D_both_wrong
carrot/test/contamination/007,carrot,1,D_both_wrong
carrot/test/contamination/008,carrot,1,A_rgb_only+G_breaks
carrot/test/contamination/009,carrot,1,D_both_wrong
carrot/test/contamination/010,carrot,1,D_both_wrong
carrot/test/contamination/011,carrot,1,D_both_wrong
carrot/test/contamination/012,carrot,1,D_both_wrong+E_fixes_rgb+F_fixes_depth
carrot/test/contamination/013,carrot,1,D_both_wrong
carrot/test/contamination/014,carrot,1,D_both_wrong
carrot/test/contamination/015,carrot,1,D_both_wrong
carrot/test/contamination/016,carrot,1,A_rgb_only+G_breaks
carrot/test/contamination/017,carrot,1,D_both_wrong
carrot/test/contamination/018,carrot,1,A_rgb_only+G_breaks
carrot/test/contamination/019,carrot,1,D_both_wrong
carrot/test/contamination/020,carrot,1,D_both_wrong
carrot/test/contamination/021,carrot,1,D_both_wrong
carrot/test/contamination/022,carrot,1,A_rgb_only+G_breaks
carrot/test/contamination/023,carrot,1,A_rgb_only+G_breaks
carrot/test/contamination/024,carrot,1,A_rgb_only+F_fixes_depth
carrot/test/contamination/025,carrot,1,D_both_wrong
carrot/test/contamination/026,carrot,1,D_both_wrong
carrot/test/crack/000,carrot,1,D_both_wrong
carrot/test/crack/001,carrot,1,A_rgb_only+G_breaks
carrot/test/crack/002,carrot,1,A_rgb_only+F_fixes_depth
carrot/test/crack/003,carrot,1,D_both_wrong
carrot/test/crack/004,carrot,1,A_rgb_only+G_breaks
carrot/test/crack/005,carrot,1,D_both_wrong
carrot/test/crack/006,carrot,1,A_rgb_only+F_fixes_depth
carrot/test/crack/007,carrot,1,D_both_wrong
carrot/test/crack/008,carrot,1,A_rgb_only+F_fixes_depth
carrot/test/crack/009,carrot,1,A_rgb_only+G_breaks
carrot/test/crack/010,carrot,1,A_rgb_only+G_breaks
carrot/test/crack/011,carrot,1,D_both_wrong
carrot/test/crack/012,carrot,1,D_both_wrong
carrot/test/crack/013,carrot,1,D_both_wrong
carrot/test/crack/014,carrot,1,A_rgb_only+F_fixes_depth
carrot/test/crack/015,carrot,1,D_both_wrong
carrot/test/crack/016,carrot,1,D_both_wrong
carrot/test/crack/017,carrot,1,D_both_wrong
carrot/test/crack/018,carrot,1,D_both_wrong
carrot/test/crack/019,carrot,1,A_rgb_only+F_fixes_depth
carrot/test/crack/020,carrot,1,D_both_wrong
carrot/test/crack/021,carrot,1,D_both_wrong
carrot/test/crack/022,carrot,1,D_both_wrong
carrot/test/crack/023,carrot,1,A_rgb_only+G_breaks
carrot/test/crack/024,carrot,1,D_both_wrong
carrot/test/crack/025,carrot,1,D_both_wrong
carrot/test/cut/000,carrot,1,D_both_wrong
carrot/test/cut/001,carrot,1,D_both_wrong
carrot/test/cut/002,carrot,1,D_both_wrong
carrot/test/cut/003,carrot,1,D_both_wrong
carrot/test/cut/004,carrot,1,D_both_wrong
carrot/test/cut/005,carrot,1,D_both_wrong
carrot/test/cut/006,carrot,1,D_both_wrong
carrot/test/cut/007,carrot,1,D_both_wrong
carrot/test/cut/008,carrot,1,D_both_wrong
carrot/test/cut/009,carrot,1,D_both_wrong
carrot/test/cut/010,carrot,1,D_both_wrong
carrot/test/cut/011,carrot,1,D_both_wrong
carrot/test/cut/012,carrot,1,D_both_wrong
carrot/test/cut/013,carrot,1,D_both_wrong
carrot/test/cut/014,carrot,1,D_both_wrong
carrot/test/cut/015,carrot,1,D_both_wrong
carrot/test/cut/016,carrot,1,A_rgb_only+F_fixes_depth
carrot/test/cut/017,carrot,1,D_both_wrong
carrot/test/cut/018,carrot,1,A_rgb_only+F_fixes_depth
carrot/test/cut/019,carrot,1,D_both_wrong
carrot/test/cut/020,carrot,1,D_both_wrong
carrot/test/cut/021,carrot,1,D_both_wrong
carrot/test/cut/022,carrot,1,A_rgb_only+F_fixes_depth
carrot/test/cut/023,carrot,1,A_rgb_only+F_fixes_depth
carrot/test/cut/024,carrot,1,A_rgb_only+F_fixes_depth
carrot/test/cut/025,carrot,1,D_both_wrong
carrot/test/good/000,carrot,0,C_both_correct
carrot/test/good/001,carrot,0,C_both_correct
carrot/test/good/002,carrot,0,C_both_correct
carrot/test/good/003,carrot,0,C_both_correct
carrot/test/good/004,carrot,0,C_both_correct
carrot/test/good/005,carrot,0,C_both_correct
carrot/test/good/006,carrot,0,C_both_correct
carrot/test/good/007,carrot,0,C_both_correct
carrot/test/good/008,carrot,0,C_both_correct
carrot/test/good/009,carrot,0,C_both_correct
carrot/test/good/010,carrot,0,C_both_correct
carrot/test/good/011,carrot,0,C_both_correct
carrot/test/good/012,carrot,0,C_both_correct
carrot/test/good/013,carrot,0,C_both_correct
carrot/test/good/014,carrot,0,A_rgb_only+G_breaks
carrot/test/good/015,carrot,0,C_both_correct
carrot/test/good/016,carrot,0,C_both_correct
carrot/test/good/017,carrot,0,C_both_correct
carrot/test/good/018,carrot,0,C_both_correct
carrot/test/good/019,carrot,0,C_both_correct
carrot/test/good/020,carrot,0,C_both_correct
carrot/test/good/021,carrot,0,C_both_correct+G_breaks
carrot/test/good/022,carrot,0,C_both_correct
carrot/test/good/023,carrot,0,C_both_correct
carrot/test/good/024,carrot,0,C_both_correct
carrot/test/good/025,carrot,0,C_both_correct
carrot/test/good/026,carrot,0,C_both_correct
carrot/test/hole/000,carrot,1,D_both_wrong
carrot/test/hole/001,carrot,1,D_both_wrong
carrot/test/hole/002,carrot,1,D_both_wrong
carrot/test/hole/003,carrot,1,D_both_wrong
carrot/test/hole/004,carrot,1,D_both_wrong
carrot/test/hole/005,carrot,1,D_both_wrong
carrot/test/hole/006,carrot,1,A_rgb_only+F_fixes_depth
carrot/test/hole/007,carrot,1,D_both_wrong+E_fixes_rgb+F_fixes_depth
carrot/test/hole/008,carrot,1,A_rgb_only+F_fixes_depth
carrot/test/hole/009,carrot,1,A_rgb_only+F_fixes_depth
carrot/test/hole/010,carrot,1,A_rgb_only+G_breaks
carrot/test/hole/011,carrot,1,D_both_wrong+E_fixes_rgb+F_fixes_depth
carrot/test/hole/012,carrot,1,A_rgb_only+F_fixes_depth
carrot/test/hole/013,carrot,1,D_both_wrong
carrot/test/hole/014,carrot,1,A_rgb_only+F_fixes_depth
carrot/test/hole/015,carrot,1,A_rgb_only+G_breaks
carrot/test/hole/016,carrot,1,A_rgb_only+G_breaks
carrot/test/hole/017,carrot,1,A_rgb_only+G_breaks
carrot/test/hole/018,carrot,1,A_rgb_only+F_fixes_depth
carrot/test/hole/019,carrot,1,A_rgb_only+F_fixes_depth
carrot/test/hole/020,carrot,1,D_both_wrong
carrot/test/hole/021,carrot,1,A_rgb_only+F_fixes_depth
carrot/test/hole/022,carrot,1,A_rgb_only+G_breaks
carrot/test/hole/023,carrot,1,A_rgb_only+F_fixes_depth
carrot/test/hole/024,carrot,1,D_both_wrong
carrot/test/hole/025,carrot,1,D_both_wrong
cookie/test/combined/000,cookie,1,A_rgb_only+F_fixes_depth
cookie/test/combined/001,cookie,1,D_both_wrong
cookie/test/combined/002,cookie,1,D_both_wrong+E_fixes_rgb+F_fixes_depth
cookie/test/combined/003,cookie,1,A_rgb_only+F_fixes_depth
cookie/test/combined/004,cookie,1,A_rgb_only+F_fixes_depth
cookie/test/combined/005,cookie,1,A_rgb_only+F_fixes_depth
cookie/test/combined/006,cookie,1,C_both_correct
cookie/test/combined/007,cookie,1,A_rgb_only+F_fixes_depth
cookie/test/combined/008,cookie,1,A_rgb_only+G_breaks
cookie/test/combined/009,cookie,1,A_rgb_only+G_breaks
cookie/test/combined/010,cookie,1,D_both_wrong
cookie/test/combined/011,cookie,1,A_rgb_only+F_fixes_depth
cookie/test/combined/012,cookie,1,D_both_wrong
cookie/test/combined/013,cookie,1,A_rgb_only+F_fixes_depth
cookie/test/combined/014,cookie,1,B_depth_only+G_breaks
cookie/test/combined/015,cookie,1,D_both_wrong
cookie/test/combined/016,cookie,1,D_both_wrong
cookie/test/combined/017,cookie,1,A_rgb_only+F_fixes_depth
cookie/test/combined/018,cookie,1,D_both_wrong+E_fixes_rgb+F_fixes_depth
cookie/test/combined/019,cookie,1,D_both_wrong
cookie/test/combined/020,cookie,1,D_both_wrong
cookie/test/combined/021,cookie,1,D_both_wrong
cookie/test/combined/022,cookie,1,A_rgb_only+F_fixes_depth
cookie/test/combined/023,cookie,1,A_rgb_only+F_fixes_depth
cookie/test/combined/024,cookie,1,D_both_wrong
cookie/test/contamination/000,cookie,1,A_rgb_only+F_fixes_depth
cookie/test/contamination/001,cookie,1,D_both_wrong
cookie/test/contamination/002,cookie,1,D_both_wrong
cookie/test/contamination/003,cookie,1,D_both_wrong
cookie/test/contamination/004,cookie,1,D_both_wrong
cookie/test/contamination/005,cookie,1,D_both_wrong
cookie/test/contamination/006,cookie,1,D_both_wrong
cookie/test/contamination/007,cookie,1,B_depth_only+G_breaks
cookie/test/contamination/008,cookie,1,D_both_wrong
cookie/test/contamination/009,cookie,1,D_both_wrong
cookie/test/contamination/010,cookie,1,D_both_wrong
cookie/test/contamination/011,cookie,1,D_both_wrong
cookie/test/contamination/012,cookie,1,D_both_wrong
cookie/test/contamination/013,cookie,1,D_both_wrong
cookie/test/contamination/014,cookie,1,B_depth_only+G_breaks
cookie/test/contamination/015,cookie,1,D_both_wrong
cookie/test/contamination/016,cookie,1,D_both_wrong
cookie/test/contamination/017,cookie,1,B_depth_only+G_breaks
cookie/test/contamination/018,cookie,1,D_both_wrong
cookie/test/contamination/019,cookie,1,D_both_wrong
cookie/test/contamination/020,cookie,1,D_both_wrong
cookie/test/contamination/021,cookie,1,A_rgb_only+F_fixes_depth
cookie/test/contamination/022,cookie,1,D_both_wrong
cookie/test/contamination/023,cookie,1,B_depth_only+G_breaks
cookie/test/contamination/024,cookie,1,D_both_wrong
cookie/test/crack/000,cookie,1,D_both_wrong
cookie/test/crack/001,cookie,1,C_both_correct
cookie/test/crack/002,cookie,1,A_rgb_only+F_fixes_depth
cookie/test/crack/003,cookie,1,D_both_wrong
cookie/test/crack/004,cookie,1,D_both_wrong
cookie/test/crack/005,cookie,1,D_both_wrong
cookie/test/crack/006,cookie,1,A_rgb_only+F_fixes_depth
cookie/test/crack/007,cookie,1,A_rgb_only+F_fixes_depth
cookie/test/crack/008,cookie,1,C_both_correct
cookie/test/crack/009,cookie,1,D_both_wrong
cookie/test/crack/010,cookie,1,D_both_wrong
cookie/test/crack/011,cookie,1,A_rgb_only+G_breaks
cookie/test/crack/012,cookie,1,D_both_wrong
cookie/test/crack/013,cookie,1,D_both_wrong
cookie/test/crack/014,cookie,1,D_both_wrong
cookie/test/crack/015,cookie,1,D_both_wrong
cookie/test/crack/016,cookie,1,C_both_correct
cookie/test/crack/017,cookie,1,D_both_wrong
cookie/test/crack/018,cookie,1,B_depth_only+G_breaks
cookie/test/crack/019,cookie,1,D_both_wrong
cookie/test/crack/020,cookie,1,A_rgb_only+F_fixes_depth
cookie/test/crack/021,cookie,1,D_both_wrong+E_fixes_rgb+F_fixes_depth
cookie/test/crack/022,cookie,1,D_both_wrong
cookie/test/crack/023,cookie,1,D_both_wrong
cookie/test/crack/024,cookie,1,B_depth_only+G_breaks
cookie/test/crack/025,cookie,1,A_rgb_only+F_fixes_depth
cookie/test/crack/026,cookie,1,A_rgb_only+F_fixes_depth
cookie/test/good/000,cookie,0,B_depth_only+G_breaks
cookie/test/good/001,cookie,0,B_depth_only+G_breaks
cookie/test/good/002,cookie,0,C_both_correct
cookie/test/good/003,cookie,0,A_rgb_only+F_fixes_depth
cookie/test/good/004,cookie,0,B_depth_only+G_breaks
cookie/test/good/005,cookie,0,C_both_correct
cookie/test/good/006,cookie,0,C_both_correct
cookie/test/good/007,cookie,0,B_depth_only+E_fixes_rgb
cookie/test/good/008,cookie,0,A_rgb_only+F_fixes_depth
cookie/test/good/009,cookie,0,C_both_correct+G_breaks
cookie/test/good/010,cookie,0,C_both_correct
cookie/test/good/011,cookie,0,C_both_correct
cookie/test/good/012,cookie,0,C_both_correct
cookie/test/good/013,cookie,0,C_both_correct
cookie/test/good/014,cookie,0,C_both_correct
cookie/test/good/015,cookie,0,C_both_correct
cookie/test/good/016,cookie,0,C_both_correct
cookie/test/good/017,cookie,0,C_both_correct
cookie/test/good/018,cookie,0,C_both_correct
cookie/test/good/019,cookie,0,A_rgb_only+F_fixes_depth
cookie/test/good/020,cookie,0,B_depth_only+E_fixes_rgb
cookie/test/good/021,cookie,0,B_depth_only+E_fixes_rgb
cookie/test/good/022,cookie,0,C_both_correct
cookie/test/good/023,cookie,0,C_both_correct
cookie/test/good/024,cookie,0,C_both_correct
cookie/test/good/025,cookie,0,B_depth_only+E_fixes_rgb
cookie/test/good/026,cookie,0,B_depth_only+G_breaks
cookie/test/good/027,cookie,0,C_both_correct
cookie/test/hole/000,cookie,1,B_depth_only+G_breaks
cookie/test/hole/001,cookie,1,D_both_wrong
cookie/test/hole/002,cookie,1,D_both_wrong
cookie/test/hole/003,cookie,1,D_both_wrong
cookie/test/hole/004,cookie,1,D_both_wrong
cookie/test/hole/005,cookie,1,D_both_wrong
cookie/test/hole/006,cookie,1,A_rgb_only+G_breaks
cookie/test/hole/007,cookie,1,D_both_wrong
cookie/test/hole/008,cookie,1,A_rgb_only+G_breaks
cookie/test/hole/009,cookie,1,D_both_wrong
cookie/test/hole/010,cookie,1,D_both_wrong
cookie/test/hole/011,cookie,1,D_both_wrong+E_fixes_rgb+F_fixes_depth
cookie/test/hole/012,cookie,1,D_both_wrong
cookie/test/hole/013,cookie,1,D_both_wrong+E_fixes_rgb+F_fixes_depth
cookie/test/hole/014,cookie,1,D_both_wrong
cookie/test/hole/015,cookie,1,D_both_wrong
cookie/test/hole/016,cookie,1,B_depth_only+G_breaks
cookie/test/hole/017,cookie,1,B_depth_only+G_breaks
cookie/test/hole/018,cookie,1,D_both_wrong
cookie/test/hole/019,cookie,1,D_both_wrong
cookie/test/hole/020,cookie,1,C_both_correct+G_breaks
cookie/test/hole/021,cookie,1,D_both_wrong
cookie/test/hole/022,cookie,1,D_both_wrong
cookie/test/hole/023,cookie,1,D_both_wrong
cookie/test/hole/024,cookie,1,D_both_wrong
cookie/test/hole/025,cookie,1,D_both_wrong
dowel/test/bent/000,dowel,1,D_both_wrong
dowel/test/bent/001,dowel,1,D_both_wrong
dowel/test/bent/002,dowel,1,D_both_wrong
dowel/test/bent/003,dowel,1,D_both_wrong
dowel/test/bent/004,dowel,1,A_rgb_only+F_fixes_depth
dowel/test/bent/005,dowel,1,A_rgb_only+G_breaks
dowel/test/bent/006,dowel,1,D_both_wrong
dowel/test/bent/007,dowel,1,D_both_wrong
dowel/test/bent/008,dowel,1,D_both_wrong
dowel/test/bent/009,dowel,1,D_both_wrong
dowel/test/bent/010,dowel,1,D_both_wrong
dowel/test/bent/011,dowel,1,D_both_wrong
dowel/test/bent/012,dowel,1,D_both_wrong
dowel/test/bent/013,dowel,1,D_both_wrong
dowel/test/bent/014,dowel,1,D_both_wrong
dowel/test/bent/015,dowel,1,D_both_wrong
dowel/test/bent/016,dowel,1,D_both_wrong
dowel/test/bent/017,dowel,1,D_both_wrong
dowel/test/bent/018,dowel,1,D_both_wrong
dowel/test/bent/019,dowel,1,D_both_wrong
dowel/test/bent/020,dowel,1,D_both_wrong
dowel/test/bent/021,dowel,1,D_both_wrong+E_fixes_rgb+F_fixes_depth
dowel/test/bent/022,dowel,1,D_both_wrong
dowel/test/bent/023,dowel,1,D_both_wrong
dowel/test/bent/024,dowel,1,D_both_wrong+E_fixes_rgb+F_fixes_depth
dowel/test/bent/025,dowel,1,D_both_wrong
dowel/test/bent/026,dowel,1,D_both_wrong+E_fixes_rgb+F_fixes_depth
dowel/test/combined/000,dowel,1,D_both_wrong
dowel/test/combined/001,dowel,1,A_rgb_only+F_fixes_depth
dowel/test/combined/002,dowel,1,D_both_wrong
dowel/test/combined/003,dowel,1,D_both_wrong
dowel/test/combined/004,dowel,1,D_both_wrong
dowel/test/combined/005,dowel,1,D_both_wrong
dowel/test/combined/006,dowel,1,D_both_wrong+E_fixes_rgb+F_fixes_depth
dowel/test/combined/007,dowel,1,D_both_wrong+E_fixes_rgb+F_fixes_depth
dowel/test/combined/008,dowel,1,D_both_wrong
dowel/test/combined/009,dowel,1,D_both_wrong
dowel/test/combined/010,dowel,1,D_both_wrong
dowel/test/combined/011,dowel,1,D_both_wrong
dowel/test/combined/012,dowel,1,D_both_wrong
dowel/test/combined/013,dowel,1,D_both_wrong
dowel/test/combined/014,dowel,1,B_depth_only+G_breaks
dowel/test/combined/015,dowel,1,D_both_wrong
dowel/test/combined/016,dowel,1,D_both_wrong
dowel/test/combined/017,dowel,1,D_both_wrong
dowel/test/combined/018,dowel,1,D_both_wrong
dowel/test/combined/019,dowel,1,A_rgb_only+G_breaks
dowel/test/combined/020,dowel,1,D_both_wrong
dowel/test/combined/021,dowel,1,D_both_wrong
dowel/test/combined/022,dowel,1,D_both_wrong
dowel/test/combined/023,dowel,1,D_both_wrong+E_fixes_rgb+F_fixes_depth
dowel/test/combined/024,dowel,1,D_both_wrong
dowel/test/combined/025,dowel,1,A_rgb_only+F_fixes_depth
dowel/test/contamination/000,dowel,1,D_both_wrong
dowel/test/contamination/001,dowel,1,D_both_wrong
dowel/test/contamination/002,dowel,1,D_both_wrong
dowel/test/contamination/003,dowel,1,D_both_wrong
dowel/test/contamination/004,dowel,1,D_both_wrong
dowel/test/contamination/005,dowel,1,D_both_wrong
dowel/test/contamination/006,dowel,1,D_both_wrong
dowel/test/contamination/007,dowel,1,D_both_wrong
dowel/test/contamination/008,dowel,1,D_both_wrong
dowel/test/contamination/009,dowel,1,A_rgb_only+G_breaks
dowel/test/contamination/010,dowel,1,D_both_wrong
dowel/test/contamination/011,dowel,1,D_both_wrong
dowel/test/contamination/012,dowel,1,A_rgb_only+G_breaks
dowel/test/contamination/013,dowel,1,D_both_wrong
dowel/test/contamination/014,dowel,1,D_both_wrong
dowel/test/contamination/015,dowel,1,C_both_correct
dowel/test/contamination/016,dowel,1,A_rgb_only+G_breaks
dowel/test/contamination/017,dowel,1,D_both_wrong
dowel/test/contamination/018,dowel,1,D_both_wrong+E_fixes_rgb+F_fixes_depth
dowel/test/contamination/019,dowel,1,D_both_wrong
dowel/test/contamination/020,dowel,1,D_both_wrong
dowel/test/contamination/021,dowel,1,D_both_wrong
dowel/test/contamination/022,dowel,1,D_both_wrong
dowel/test/contamination/023,dowel,1,D_both_wrong
dowel/test/contamination/024,dowel,1,D_both_wrong
dowel/test/contamination/025,dowel,1,D_both_wrong
dowel/test/cut/000,dowel,1,A_rgb_only+F_fixes_depth
dowel/test/cut/001,dowel,1,D_both_wrong
dowel/test/cut/002,dowel,1,D_both_wrong
dowel/test/cut/003,dowel,1,D_both_wrong
dowel/test/cut/004,dowel,1,D_both_wrong
dowel/test/cut/005,dowel,1,D_both_wrong+E_fixes_rgb+F_fixes_depth
dowel/test/cut/006,dowel,1,D_both_wrong
dowel/test/cut/007,dowel,1,D_both_wrong
dowel/test/cut/008,dowel,1,D_both_wrong
dowel/test/cut/009,dowel,1,A_rgb_only+F_fixes_depth
dowel/test/cut/010,dowel,1,D_both_wrong
dowel/test/cut/011,dowel,1,D_both_wrong
dowel/test/cut/012,dowel,1,D_both_wrong
dowel/test/cut/013,dowel,1,D_both_wrong
dowel/test/cut/014,dowel,1,A_rgb_only+G_breaks
dowel/test/cut/015,dowel,1,D_both_wrong+E_fixes_rgb+F_fixes_depth
dowel/test/cut/016,dowel,1,D_both_wrong
dowel/test/cut/017,dowel,1,D_both_wrong
dowel/test/cut/018,dowel,1,D_both_wrong
dowel/test/cut/019,dowel,1,D_both_wrong
dowel/test/cut/020,dowel,1,D_both_wrong
dowel/test/cut/021,dowel,1,D_both_wrong
dowel/test/cut/022,dowel,1,D_both_wrong
dowel/test/cut/023,dowel,1,D_both_wrong
dowel/test/cut/024,dowel,1,D_both_wrong
dowel/test/good/000,dowel,0,C_both_correct
dowel/test/good/001,dowel,0,C_both_correct
dowel/test/good/002,dowel,0,C_both_correct
dowel/test/good/003,dowel,0,C_both_correct
dowel/test/good/004,dowel,0,C_both_correct
dowel/test/good/005,dowel,0,B_depth_only+E_fixes_rgb
dowel/test/good/006,dowel,0,C_both_correct
dowel/test/good/007,dowel,0,C_both_correct
dowel/test/good/008,dowel,0,C_both_correct
dowel/test/good/009,dowel,0,C_both_correct
dowel/test/good/010,dowel,0,C_both_correct
dowel/test/good/011,dowel,0,C_both_correct
dowel/test/good/012,dowel,0,C_both_correct
dowel/test/good/013,dowel,0,C_both_correct
dowel/test/good/014,dowel,0,B_depth_only+E_fixes_rgb
dowel/test/good/015,dowel,0,C_both_correct
dowel/test/good/016,dowel,0,C_both_correct
dowel/test/good/017,dowel,0,C_both_correct
dowel/test/good/018,dowel,0,B_depth_only+E_fixes_rgb
dowel/test/good/019,dowel,0,C_both_correct
dowel/test/good/020,dowel,0,C_both_correct
dowel/test/good/021,dowel,0,C_both_correct
dowel/test/good/022,dowel,0,C_both_correct
dowel/test/good/023,dowel,0,C_both_correct
dowel/test/good/024,dowel,0,C_both_correct
dowel/test/good/025,dowel,0,C_both_correct
foam/test/color/000,foam,1,A_rgb_only+F_fixes_depth
foam/test/color/001,foam,1,D_both_wrong
foam/test/color/002,foam,1,D_both_wrong
foam/test/color/003,foam,1,A_rgb_only+G_breaks
foam/test/color/004,foam,1,A_rgb_only+G_breaks
foam/test/color/005,foam,1,B_depth_only+G_breaks
foam/test/color/006,foam,1,D_both_wrong
foam/test/color/007,foam,1,D_both_wrong
foam/test/color/008,foam,1,D_both_wrong
foam/test/color/009,foam,1,A_rgb_only+F_fixes_depth
foam/test/color/010,foam,1,A_rgb_only+G_breaks
foam/test/color/011,foam,1,D_both_wrong
foam/test/color/012,foam,1,A_rgb_only+G_breaks
foam/test/color/013,foam,1,C_both_correct+G_breaks
foam/test/color/014,foam,1,D_both_wrong
foam/test/color/015,foam,1,D_both_wrong
foam/test/color/016,foam,1,A_rgb_only+F_fixes_depth
foam/test/color/017,foam,1,A_rgb_only+F_fixes_depth
foam/test/color/018,foam,1,C_both_correct+G_breaks
foam/test/color/019,foam,1,A_rgb_only+F_fixes_depth
foam/test/combined/000,foam,1,D_both_wrong+E_fixes_rgb+F_fixes_depth
foam/test/combined/001,foam,1,A_rgb_only+G_breaks
foam/test/combined/002,foam,1,D_both_wrong
foam/test/combined/003,foam,1,D_both_wrong
foam/test/combined/004,foam,1,D_both_wrong
foam/test/combined/005,foam,1,D_both_wrong
foam/test/combined/006,foam,1,D_both_wrong
foam/test/combined/007,foam,1,A_rgb_only+G_breaks
foam/test/combined/008,foam,1,D_both_wrong
foam/test/combined/009,foam,1,A_rgb_only+F_fixes_depth
foam/test/combined/010,foam,1,D_both_wrong
foam/test/combined/011,foam,1,A_rgb_only+F_fixes_depth
foam/test/combined/012,foam,1,A_rgb_only+F_fixes_depth
foam/test/combined/013,foam,1,D_both_wrong
foam/test/combined/014,foam,1,D_both_wrong
foam/test/combined/015,foam,1,D_both_wrong
foam/test/combined/016,foam,1,D_both_wrong
foam/test/combined/017,foam,1,D_both_wrong
foam/test/combined/018,foam,1,D_both_wrong
foam/test/combined/019,foam,1,B_depth_only+G_breaks
foam/test/contamination/000,foam,1,D_both_wrong
foam/test/contamination/001,foam,1,B_depth_only+G_breaks
foam/test/contamination/002,foam,1,D_both_wrong
foam/test/contamination/003,foam,1,D_both_wrong
foam/test/contamination/004,foam,1,D_both_wrong
foam/test/contamination/005,foam,1,D_both_wrong
foam/test/contamination/006,foam,1,D_both_wrong
foam/test/contamination/007,foam,1,D_both_wrong
foam/test/contamination/008,foam,1,D_both_wrong
foam/test/contamination/009,foam,1,D_both_wrong
foam/test/contamination/010,foam,1,D_both_wrong
foam/test/contamination/011,foam,1,D_both_wrong
foam/test/contamination/012,foam,1,D_both_wrong
foam/test/contamination/013,foam,1,D_both_wrong
foam/test/contamination/014,foam,1,D_both_wrong
foam/test/contamination/015,foam,1,D_both_wrong
foam/test/contamination/016,foam,1,D_both_wrong
foam/test/contamination/017,foam,1,D_both_wrong
foam/test/contamination/018,foam,1,D_both_wrong
foam/test/contamination/019,foam,1,A_rgb_only+F_fixes_depth
foam/test/cut/000,foam,1,D_both_wrong
foam/test/cut/001,foam,1,D_both_wrong
foam/test/cut/002,foam,1,D_both_wrong
foam/test/cut/003,foam,1,D_both_wrong
foam/test/cut/004,foam,1,D_both_wrong
foam/test/cut/005,foam,1,D_both_wrong
foam/test/cut/006,foam,1,D_both_wrong
foam/test/cut/007,foam,1,B_depth_only+G_breaks
foam/test/cut/008,foam,1,D_both_wrong
foam/test/cut/009,foam,1,D_both_wrong
foam/test/cut/010,foam,1,D_both_wrong
foam/test/cut/011,foam,1,D_both_wrong+E_fixes_rgb+F_fixes_depth
foam/test/cut/012,foam,1,D_both_wrong
foam/test/cut/013,foam,1,D_both_wrong
foam/test/cut/014,foam,1,B_depth_only+G_breaks
foam/test/cut/015,foam,1,D_both_wrong
foam/test/cut/016,foam,1,A_rgb_only+G_breaks
foam/test/cut/017,foam,1,D_both_wrong+E_fixes_rgb+F_fixes_depth
foam/test/cut/018,foam,1,D_both_wrong
foam/test/cut/019,foam,1,D_both_wrong
foam/test/good/000,foam,0,C_both_correct
foam/test/good/001,foam,0,C_both_correct
foam/test/good/002,foam,0,C_both_correct
foam/test/good/003,foam,0,C_both_correct
foam/test/good/004,foam,0,C_both_correct
foam/test/good/005,foam,0,A_rgb_only+F_fixes_depth
foam/test/good/006,foam,0,C_both_correct
foam/test/good/007,foam,0,A_rgb_only+F_fixes_depth
foam/test/good/008,foam,0,C_both_correct
foam/test/good/009,foam,0,C_both_correct
foam/test/good/010,foam,0,B_depth_only+G_breaks
foam/test/good/011,foam,0,C_both_correct
foam/test/good/012,foam,0,C_both_correct
foam/test/good/013,foam,0,C_both_correct
foam/test/good/014,foam,0,A_rgb_only+F_fixes_depth
foam/test/good/015,foam,0,C_both_correct
foam/test/good/016,foam,0,C_both_correct
foam/test/good/017,foam,0,C_both_correct
foam/test/good/018,foam,0,A_rgb_only+F_fixes_depth
foam/test/good/019,foam,0,C_both_correct
peach/test/combined/000,peach,1,D_both_wrong
peach/test/combined/001,peach,1,D_both_wrong
peach/test/combined/002,peach,1,D_both_wrong
peach/test/combined/003,peach,1,D_both_wrong
peach/test/combined/004,peach,1,D_both_wrong
peach/test/combined/005,peach,1,D_both_wrong
peach/test/combined/006,peach,1,D_both_wrong
peach/test/combined/007,peach,1,D_both_wrong
peach/test/combined/008,peach,1,D_both_wrong+E_fixes_rgb+F_fixes_depth
peach/test/combined/009,peach,1,D_both_wrong
peach/test/combined/010,peach,1,D_both_wrong
peach/test/combined/011,peach,1,D_both_wrong
peach/test/combined/012,peach,1,D_both_wrong
peach/test/combined/013,peach,1,D_both_wrong
peach/test/combined/014,peach,1,D_both_wrong
peach/test/combined/015,peach,1,D_both_wrong
peach/test/combined/016,peach,1,D_both_wrong
peach/test/combined/017,peach,1,D_both_wrong+E_fixes_rgb+F_fixes_depth
peach/test/combined/018,peach,1,D_both_wrong
peach/test/combined/019,peach,1,D_both_wrong
peach/test/combined/020,peach,1,D_both_wrong
peach/test/combined/021,peach,1,D_both_wrong
peach/test/combined/022,peach,1,D_both_wrong
peach/test/combined/023,peach,1,D_both_wrong
peach/test/combined/024,peach,1,D_both_wrong
peach/test/contamination/000,peach,1,D_both_wrong
peach/test/contamination/001,peach,1,D_both_wrong
peach/test/contamination/002,peach,1,D_both_wrong
peach/test/contamination/003,peach,1,D_both_wrong
peach/test/contamination/004,peach,1,D_both_wrong+E_fixes_rgb+F_fixes_depth
peach/test/contamination/005,peach,1,D_both_wrong
peach/test/contamination/006,peach,1,D_both_wrong
peach/test/contamination/007,peach,1,D_both_wrong
peach/test/contamination/008,peach,1,D_both_wrong
peach/test/contamination/009,peach,1,D_both_wrong
peach/test/contamination/010,peach,1,D_both_wrong
peach/test/contamination/011,peach,1,D_both_wrong
peach/test/contamination/012,peach,1,D_both_wrong
peach/test/contamination/013,peach,1,D_both_wrong
peach/test/contamination/014,peach,1,B_depth_only+G_breaks
peach/test/contamination/015,peach,1,D_both_wrong
peach/test/contamination/016,peach,1,D_both_wrong
peach/test/contamination/017,peach,1,D_both_wrong
peach/test/contamination/018,peach,1,D_both_wrong
peach/test/contamination/019,peach,1,D_both_wrong
peach/test/contamination/020,peach,1,D_both_wrong
peach/test/contamination/021,peach,1,D_both_wrong
peach/test/contamination/022,peach,1,B_depth_only+G_breaks
peach/test/contamination/023,peach,1,D_both_wrong
peach/test/contamination/024,peach,1,D_both_wrong
peach/test/contamination/025,peach,1,D_both_wrong
peach/test/contamination/026,peach,1,D_both_wrong
peach/test/cut/000,peach,1,D_both_wrong
peach/test/cut/001,peach,1,D_both_wrong
peach/test/cut/002,peach,1,D_both_wrong
peach/test/cut/003,peach,1,D_both_wrong
peach/test/cut/004,peach,1,D_both_wrong
peach/test/cut/005,peach,1,D_both_wrong
peach/test/cut/006,peach,1,D_both_wrong
peach/test/cut/007,peach,1,D_both_wrong+E_fixes_rgb+F_fixes_depth
peach/test/cut/008,peach,1,D_both_wrong
peach/test/cut/009,peach,1,D_both_wrong
peach/test/cut/010,peach,1,D_both_wrong
peach/test/cut/011,peach,1,D_both_wrong
peach/test/cut/012,peach,1,D_both_wrong+E_fixes_rgb+F_fixes_depth
peach/test/cut/013,peach,1,D_both_wrong
peach/test/cut/014,peach,1,D_both_wrong
peach/test/cut/015,peach,1,D_both_wrong
peach/test/cut/016,peach,1,D_both_wrong
peach/test/cut/017,peach,1,B_depth_only+G_breaks
peach/test/cut/018,peach,1,D_both_wrong
peach/test/cut/019,peach,1,D_both_wrong
peach/test/cut/020,peach,1,D_both_wrong
peach/test/cut/021,peach,1,D_both_wrong
peach/test/cut/022,peach,1,D_both_wrong
peach/test/cut/023,peach,1,D_both_wrong
peach/test/cut/024,peach,1,D_both_wrong
peach/test/good/000,peach,0,C_both_correct
peach/test/good/001,peach,0,C_both_correct+G_breaks
peach/test/good/002,peach,0,C_both_correct
peach/test/good/003,peach,0,C_both_correct
peach/test/good/004,peach,0,B_depth_only+G_breaks
peach/test/good/005,peach,0,C_both_correct
peach/test/good/006,peach,0,C_both_correct
peach/test/good/007,peach,0,C_both_correct
peach/test/good/008,peach,0,C_both_correct
peach/test/good/009,peach,0,B_depth_only+G_breaks
peach/test/good/010,peach,0,C_both_correct
peach/test/good/011,peach,0,C_both_correct
peach/test/good/012,peach,0,C_both_correct
peach/test/good/013,peach,0,C_both_correct
peach/test/good/014,peach,0,C_both_correct
peach/test/good/015,peach,0,C_both_correct
peach/test/good/016,peach,0,C_both_correct
peach/test/good/017,peach,0,C_both_correct
peach/test/good/018,peach,0,C_both_correct
peach/test/good/019,peach,0,C_both_correct
peach/test/good/020,peach,0,C_both_correct
peach/test/good/021,peach,0,C_both_correct
peach/test/good/022,peach,0,C_both_correct
peach/test/good/023,peach,0,C_both_correct
peach/test/good/024,peach,0,C_both_correct
peach/test/good/025,peach,0,C_both_correct
peach/test/hole/000,peach,1,D_both_wrong
peach/test/hole/001,peach,1,D_both_wrong
peach/test/hole/002,peach,1,D_both_wrong
peach/test/hole/003,peach,1,D_both_wrong
peach/test/hole/004,peach,1,D_both_wrong
peach/test/hole/005,peach,1,D_both_wrong
peach/test/hole/006,peach,1,D_both_wrong
peach/test/hole/007,peach,1,D_both_wrong
peach/test/hole/008,peach,1,D_both_wrong
peach/test/hole/009,peach,1,D_both_wrong
peach/test/hole/010,peach,1,D_both_wrong
peach/test/hole/011,peach,1,D_both_wrong
peach/test/hole/012,peach,1,D_both_wrong
peach/test/hole/013,peach,1,D_both_wrong
peach/test/hole/014,peach,1,D_both_wrong
peach/test/hole/015,peach,1,D_both_wrong
peach/test/hole/016,peach,1,D_both_wrong
peach/test/hole/017,peach,1,D_both_wrong
peach/test/hole/018,peach,1,D_both_wrong
peach/test/hole/019,peach,1,D_both_wrong
peach/test/hole/020,peach,1,D_both_wrong
peach/test/hole/021,peach,1,D_both_wrong
peach/test/hole/022,peach,1,A_rgb_only+G_breaks
peach/test/hole/023,peach,1,D_both_wrong
peach/test/hole/024,peach,1,D_both_wrong
peach/test/hole/025,peach,1,D_both_wrong
peach/test/hole/026,peach,1,D_both_wrong
peach/test/hole/027,peach,1,D_both_wrong
peach/test/hole/028,peach,1,D_both_wrong
potato/test/combined/000,potato,1,D_both_wrong
potato/test/combined/001,potato,1,D_both_wrong
potato/test/combined/002,potato,1,D_both_wrong
potato/test/combined/003,potato,1,D_both_wrong
potato/test/combined/004,potato,1,D_both_wrong
potato/test/combined/005,potato,1,D_both_wrong
potato/test/combined/006,potato,1,A_rgb_only+G_breaks
potato/test/combined/007,potato,1,D_both_wrong
potato/test/combined/008,potato,1,D_both_wrong
potato/test/combined/009,potato,1,D_both_wrong
potato/test/combined/010,potato,1,D_both_wrong
potato/test/combined/011,potato,1,D_both_wrong
potato/test/combined/012,potato,1,D_both_wrong
potato/test/combined/013,potato,1,D_both_wrong
potato/test/combined/014,potato,1,D_both_wrong
potato/test/combined/015,potato,1,D_both_wrong
potato/test/combined/016,potato,1,D_both_wrong
potato/test/combined/017,potato,1,A_rgb_only+G_breaks
potato/test/combined/018,potato,1,D_both_wrong
potato/test/combined/019,potato,1,D_both_wrong
potato/test/combined/020,potato,1,D_both_wrong
potato/test/combined/021,potato,1,D_both_wrong
potato/test/combined/022,potato,1,A_rgb_only+F_fixes_depth
potato/test/contamination/000,potato,1,D_both_wrong
potato/test/contamination/001,potato,1,D_both_wrong
potato/test/contamination/002,potato,1,D_both_wrong
potato/test/contamination/003,potato,1,B_depth_only+G_breaks
potato/test/contamination/004,potato,1,D_both_wrong
potato/test/contamination/005,potato,1,D_both_wrong
potato/test/contamination/006,potato,1,D_both_wrong
potato/test/contamination/007,potato,1,D_both_wrong
potato/test/contamination/008,potato,1,D_both_wrong
potato/test/contamination/009,potato,1,D_both_wrong
potato/test/contamination/010,potato,1,D_both_wrong
potato/test/contamination/011,potato,1,D_both_wrong
potato/test/contamination/012,potato,1,D_both_wrong
potato/test/contamination/013,potato,1,D_both_wrong
potato/test/contamination/014,potato,1,D_both_wrong
potato/test/contamination/015,potato,1,D_both_wrong
potato/test/contamination/016,potato,1,D_both_wrong
potato/test/contamination/017,potato,1,D_both_wrong
potato/test/contamination/018,potato,1,D_both_wrong
potato/test/contamination/019,potato,1,D_both_wrong
potato/test/contamination/020,potato,1,D_both_wrong
potato/test/contamination/021,potato,1,D_both_wrong
potato/test/contamination/022,potato,1,D_both_wrong
potato/test/cut/000,potato,1,D_both_wrong
potato/test/cut/001,potato,1,D_both_wrong
potato/test/cut/002,potato,1,D_both_wrong
potato/test/cut/003,potato,1,D_both_wrong
potato/test/cut/004,potato,1,D_both_wrong
potato/test/cut/005,potato,1,D_both_wrong
potato/test/cut/006,potato,1,D_both_wrong
potato/test/cut/007,potato,1,D_both_wrong
potato/test/cut/008,potato,1,D_both_wrong
potato/test/cut/009,potato,1,D_both_wrong
potato/test/cut/010,potato,1,D_both_wrong
potato/test/cut/011,potato,1,D_both_wrong
potato/test/cut/012,potato,1,D_both_wrong
potato/test/cut/013,potato,1,D_both_wrong
potato/test/cut/014,potato,1,D_both_wrong
potato/test/cut/015,potato,1,D_both_wrong
potato/test/cut/016,potato,1,D_both_wrong
potato/test/cut/017,potato,1,D_both_wrong
potato/test/cut/018,potato,1,D_both_wrong
potato/test/cut/019,potato,1,D_both_wrong
potato/test/cut/020,potato,1,D_both_wrong
potato/test/cut/021,potato,1,D_both_wrong
potato/test/cut/022,potato,1,D_both_wrong
potato/test/good/000,potato,0,C_both_correct
potato/test/good/001,potato,0,C_both_correct
potato/test/good/002,potato,0,C_both_correct
potato/test/good/003,potato,0,C_both_correct
potato/test/good/004,potato,0,C_both_correct
potato/test/good/005,potato,0,C_both_correct
potato/test/good/006,potato,0,C_both_correct
potato/test/good/007,potato,0,C_both_correct
potato/test/good/008,potato,0,C_both_correct
potato/test/good/009,potato,0,C_both_correct
potato/test/good/010,potato,0,C_both_correct
potato/test/good/011,potato,0,C_both_correct
potato/test/good/012,potato,0,C_both_correct
potato/test/good/013,potato,0,C_both_correct
potato/test/good/014,potato,0,C_both_correct
potato/test/good/015,potato,0,C_both_correct
potato/test/good/016,potato,0,C_both_correct
potato/test/good/017,potato,0,C_both_correct
potato/test/good/018,potato,0,C_both_correct
potato/test/good/019,potato,0,C_both_correct
potato/test/good/020,potato,0,C_both_correct
potato/test/good/021,potato,0,C_both_correct
potato/test/hole/000,potato,1,D_both_wrong
potato/test/hole/001,potato,1,D_both_wrong
potato/test/hole/002,potato,1,D_both_wrong
potato/test/hole/003,potato,1,D_both_wrong
potato/test/hole/004,potato,1,D_both_wrong
potato/test/hole/005,potato,1,D_both_wrong
potato/test/hole/006,potato,1,D_both_wrong
potato/test/hole/007,potato,1,D_both_wrong
potato/test/hole/008,potato,1,D_both_wrong
potato/test/hole/009,potato,1,D_both_wrong
potato/test/hole/010,potato,1,D_both_wrong
potato/test/hole/011,potato,1,D_both_wrong
potato/test/hole/012,potato,1,D_both_wrong
potato/test/hole/013,potato,1,D_both_wrong
potato/test/hole/014,potato,1,A_rgb_only+F_fixes_depth
potato/test/hole/015,potato,1,D_both_wrong
potato/test/hole/016,potato,1,D_both_wrong
potato/test/hole/017,potato,1,D_both_wrong
potato/test/hole/018,potato,1,D_both_wrong
potato/test/hole/019,potato,1,D_both_wrong
potato/test/hole/020,potato,1,D_both_wrong
potato/test/hole/021,potato,1,D_both_wrong
potato/test/hole/022,potato,1,D_both_wrong
rope/test/contamination/000,rope,1,A_rgb_only+G_breaks
rope/test/contamination/001,rope,1,A_rgb_only+G_breaks
rope/test/contamination/002,rope,1,D_both_wrong
rope/test/contamination/003,rope,1,C_both_correct
rope/test/contamination/004,rope,1,D_both_wrong
rope/test/contamination/005,rope,1,A_rgb_only+F_fixes_depth
rope/test/contamination/006,rope,1,A_rgb_only+G_breaks
rope/test/contamination/007,rope,1,D_both_wrong
rope/test/contamination/008,rope,1,A_rgb_only+G_breaks
rope/test/contamination/009,rope,1,A_rgb_only+G_breaks
rope/test/contamination/010,rope,1,C_both_correct
rope/test/contamination/011,rope,1,A_rgb_only+G_breaks
rope/test/contamination/012,rope,1,D_both_wrong
rope/test/contamination/013,rope,1,D_both_wrong
rope/test/contamination/014,rope,1,A_rgb_only+G_breaks
rope/test/contamination/015,rope,1,A_rgb_only+G_breaks
rope/test/contamination/016,rope,1,D_both_wrong
rope/test/contamination/017,rope,1,A_rgb_only+F_fixes_depth
rope/test/contamination/018,rope,1,D_both_wrong
rope/test/contamination/019,rope,1,A_rgb_only+G_breaks
rope/test/contamination/020,rope,1,D_both_wrong
rope/test/contamination/021,rope,1,D_both_wrong
rope/test/contamination/022,rope,1,A_rgb_only+F_fixes_depth
rope/test/contamination/023,rope,1,A_rgb_only+F_fixes_depth
rope/test/contamination/024,rope,1,A_rgb_only+G_breaks
rope/test/cut/000,rope,1,C_both_correct
rope/test/cut/001,rope,1,D_both_wrong
rope/test/cut/002,rope,1,A_rgb_only+G_breaks
rope/test/cut/003,rope,1,D_both_wrong
rope/test/cut/004,rope,1,D_both_wrong
rope/test/cut/005,rope,1,A_rgb_only+G_breaks
rope/test/cut/006,rope,1,C_both_correct
rope/test/cut/007,rope,1,A_rgb_only+G_breaks
rope/test/cut/008,rope,1,A_rgb_only+G_breaks
rope/test/cut/009,rope,1,A_rgb_only+G_breaks
rope/test/cut/010,rope,1,A_rgb_only+G_breaks
rope/test/cut/011,rope,1,D_both_wrong+E_fixes_rgb+F_fixes_depth
rope/test/cut/012,rope,1,A_rgb_only+G_breaks
rope/test/cut/013,rope,1,A_rgb_only+G_breaks
rope/test/cut/014,rope,1,A_rgb_only+G_breaks
rope/test/cut/015,rope,1,C_both_correct
rope/test/cut/016,rope,1,A_rgb_only+F_fixes_depth
rope/test/cut/017,rope,1,A_rgb_only+G_breaks
rope/test/cut/018,rope,1,A_rgb_only+F_fixes_depth
rope/test/cut/019,rope,1,D_both_wrong+E_fixes_rgb+F_fixes_depth
rope/test/cut/020,rope,1,C_both_correct
rope/test/cut/021,rope,1,A_rgb_only+F_fixes_depth
rope/test/cut/022,rope,1,A_rgb_only+G_breaks
rope/test/cut/023,rope,1,D_both_wrong
rope/test/cut/024,rope,1,A_rgb_only+F_fixes_depth
rope/test/cut/025,rope,1,D_both_wrong
rope/test/cut/026,rope,1,A_rgb_only+G_breaks
rope/test/good/000,rope,0,C_both_correct
rope/test/good/001,rope,0,C_both_correct
rope/test/good/002,rope,0,C_both_correct
rope/test/good/003,rope,0,C_both_correct
rope/test/good/004,rope,0,C_both_correct
rope/test/good/005,rope,0,C_both_correct
rope/test/good/006,rope,0,B_depth_only+E_fixes_rgb
rope/test/good/007,rope,0,B_depth_only+E_fixes_rgb
rope/test/good/008,rope,0,B_depth_only+E_fixes_rgb
rope/test/good/009,rope,0,C_both_correct
rope/test/good/010,rope,0,C_both_correct
rope/test/good/011,rope,0,C_both_correct
rope/test/good/012,rope,0,C_both_correct
rope/test/good/013,rope,0,B_depth_only+E_fixes_rgb
rope/test/good/014,rope,0,B_depth_only+E_fixes_rgb
rope/test/good/015,rope,0,B_depth_only+E_fixes_rgb
rope/test/good/016,rope,0,B_depth_only+G_breaks
rope/test/good/017,rope,0,B_depth_only+E_fixes_rgb
rope/test/good/018,rope,0,B_depth_only+E_fixes_rgb
rope/test/good/019,rope,0,C_both_correct
rope/test/good/020,rope,0,C_both_correct
rope/test/good/021,rope,0,A_rgb_only+G_breaks
rope/test/good/022,rope,0,A_rgb_only+G_breaks
rope/test/good/023,rope,0,C_both_correct
rope/test/good/024,rope,0,C_both_correct
rope/test/good/025,rope,0,C_both_correct
rope/test/good/026,rope,0,C_both_correct
rope/test/good/027,rope,0,C_both_correct
rope/test/good/028,rope,0,C_both_correct
rope/test/good/029,rope,0,C_both_correct
rope/test/good/030,rope,0,B_depth_only+E_fixes_rgb
rope/test/good/031,rope,0,C_both_correct
rope/test/open/000,rope,1,C_both_correct
rope/test/open/001,rope,1,D_both_wrong
rope/test/open/002,rope,1,A_rgb_only+G_breaks
rope/test/open/003,rope,1,A_rgb_only+G_breaks
rope/test/open/004,rope,1,B_depth_only+E_fixes_rgb
rope/test/open/005,rope,1,C_both_correct
rope/test/open/006,rope,1,A_rgb_only+F_fixes_depth
rope/test/open/007,rope,1,A_rgb_only+G_breaks
rope/test/open/008,rope,1,A_rgb_only+F_fixes_depth
rope/test/open/009,rope,1,A_rgb_only+G_breaks
rope/test/open/010,rope,1,A_rgb_only+F_fixes_depth
rope/test/open/011,rope,1,A_rgb_only+G_breaks
rope/test/open/012,rope,1,D_both_wrong
rope/test/open/013,rope,1,A_rgb_only+G_breaks
rope/test/open/014,rope,1,C_both_correct
rope/test/open/015,rope,1,A_rgb_only+G_breaks
rope/test/open/016,rope,1,D_both_wrong+E_fixes_rgb+F_fixes_depth
tire/test/combined/000,tire,1,B_depth_only+E_fixes_rgb
tire/test/combined/001,tire,1,D_both_wrong
tire/test/combined/002,tire,1,A_rgb_only+G_breaks
tire/test/combined/003,tire,1,B_depth_only+G_breaks
tire/test/combined/004,tire,1,A_rgb_only+G_breaks
tire/test/contamination/000,tire,1,D_both_wrong
tire/test/contamination/001,tire,1,B_depth_only+G_breaks
tire/test/contamination/002,tire,1,A_rgb_only+F_fixes_depth
tire/test/contamination/003,tire,1,B_depth_only+E_fixes_rgb
tire/test/contamination/004,tire,1,D_both_wrong
tire/test/contamination/005,tire,1,D_both_wrong
tire/test/contamination/006,tire,1,D_both_wrong
tire/test/contamination/007,tire,1,D_both_wrong
tire/test/contamination/008,tire,1,D_both_wrong
tire/test/contamination/009,tire,1,D_both_wrong
tire/test/contamination/010,tire,1,D_both_wrong
tire/test/contamination/011,tire,1,D_both_wrong
tire/test/contamination/012,tire,1,B_depth_only+E_fixes_rgb
tire/test/contamination/013,tire,1,D_both_wrong
tire/test/contamination/014,tire,1,D_both_wrong
tire/test/contamination/015,tire,1,D_both_wrong
tire/test/contamination/016,tire,1,B_depth_only+G_breaks
tire/test/contamination/017,tire,1,D_both_wrong
tire/test/contamination/018,tire,1,D_both_wrong
tire/test/contamination/019,tire,1,B_depth_only+E_fixes_rgb
tire/test/contamination/020,tire,1,B_depth_only+G_breaks
tire/test/contamination/021,tire,1,D_both_wrong
tire/test/contamination/022,tire,1,D_both_wrong
tire/test/contamination/023,tire,1,D_both_wrong
tire/test/contamination/024,tire,1,D_both_wrong
tire/test/contamination/025,tire,1,D_both_wrong
tire/test/contamination/026,tire,1,D_both_wrong
tire/test/contamination/027,tire,1,D_both_wrong
tire/test/cut/000,tire,1,D_both_wrong
tire/test/cut/001,tire,1,D_both_wrong
tire/test/cut/002,tire,1,B_depth_only+G_breaks
tire/test/cut/003,tire,1,D_both_wrong
tire/test/cut/004,tire,1,D_both_wrong
tire/test/cut/005,tire,1,B_depth_only+G_breaks
tire/test/cut/006,tire,1,D_both_wrong
tire/test/cut/007,tire,1,D_both_wrong
tire/test/cut/008,tire,1,D_both_wrong+E_fixes_rgb+F_fixes_depth
tire/test/cut/009,tire,1,D_both_wrong+E_fixes_rgb+F_fixes_depth
tire/test/cut/010,tire,1,D_both_wrong
tire/test/cut/011,tire,1,D_both_wrong
tire/test/cut/012,tire,1,D_both_wrong
tire/test/cut/013,tire,1,D_both_wrong
tire/test/cut/014,tire,1,A_rgb_only+G_breaks
tire/test/cut/015,tire,1,D_both_wrong
tire/test/cut/016,tire,1,D_both_wrong
tire/test/cut/017,tire,1,D_both_wrong
tire/test/cut/018,tire,1,D_both_wrong
tire/test/cut/019,tire,1,D_both_wrong
tire/test/cut/020,tire,1,D_both_wrong
tire/test/cut/021,tire,1,B_depth_only+G_breaks
tire/test/cut/022,tire,1,D_both_wrong
tire/test/cut/023,tire,1,D_both_wrong
tire/test/cut/024,tire,1,D_both_wrong
tire/test/cut/025,tire,1,B_depth_only+G_breaks
tire/test/cut/026,tire,1,A_rgb_only+G_breaks
tire/test/good/000,tire,0,C_both_correct
tire/test/good/001,tire,0,C_both_correct
tire/test/good/002,tire,0,C_both_correct
tire/test/good/003,tire,0,C_both_correct
tire/test/good/004,tire,0,A_rgb_only+F_fixes_depth
tire/test/good/005,tire,0,C_both_correct
tire/test/good/006,tire,0,C_both_correct
tire/test/good/007,tire,0,C_both_correct
tire/test/good/008,tire,0,C_both_correct
tire/test/good/009,tire,0,C_both_correct
tire/test/good/010,tire,0,C_both_correct
tire/test/good/011,tire,0,C_both_correct
tire/test/good/012,tire,0,C_both_correct
tire/test/good/013,tire,0,B_depth_only+E_fixes_rgb
tire/test/good/014,tire,0,B_depth_only+E_fixes_rgb
tire/test/good/015,tire,0,C_both_correct
tire/test/good/016,tire,0,C_both_correct
tire/test/good/017,tire,0,C_both_correct
tire/test/good/018,tire,0,C_both_correct
tire/test/good/019,tire,0,C_both_correct
tire/test/good/020,tire,0,C_both_correct
tire/test/good/021,tire,0,C_both_correct
tire/test/good/022,tire,0,A_rgb_only+F_fixes_depth
tire/test/good/023,tire,0,C_both_correct
tire/test/good/024,tire,0,C_both_correct
tire/test/hole/000,tire,1,A_rgb_only+F_fixes_depth
tire/test/hole/001,tire,1,D_both_wrong
tire/test/hole/002,tire,1,D_both_wrong
tire/test/hole/003,tire,1,D_both_wrong
tire/test/hole/004,tire,1,D_both_wrong
tire/test/hole/005,tire,1,D_both_wrong
tire/test/hole/006,tire,1,D_both_wrong
tire/test/hole/007,tire,1,D_both_wrong+E_fixes_rgb+F_fixes_depth
tire/test/hole/008,tire,1,D_both_wrong
tire/test/hole/009,tire,1,D_both_wrong
tire/test/hole/010,tire,1,D_both_wrong
tire/test/hole/011,tire,1,D_both_wrong
tire/test/hole/012,tire,1,A_rgb_only+G_breaks
tire/test/hole/013,tire,1,D_both_wrong
tire/test/hole/014,tire,1,D_both_wrong
tire/test/hole/015,tire,1,D_both_wrong
tire/test/hole/016,tire,1,D_both_wrong
tire/test/hole/017,tire,1,D_both_wrong
tire/test/hole/018,tire,1,D_both_wrong
tire/test/hole/019,tire,1,D_both_wrong
tire/test/hole/020,tire,1,D_both_wrong
tire/test/hole/021,tire,1,B_depth_only+E_fixes_rgb
tire/test/hole/022,tire,1,B_depth_only+G_breaks
tire/test/hole/023,tire,1,D_both_wrong+E_fixes_rgb+F_fixes_depth
tire/test/hole/024,tire,1,A_rgb_only+F_fixes_depth
tire/test/hole/025,tire,1,D_both_wrong
tire/test/hole/026,tire,1,D_both_wrong
